Date,vix,unemployment,inflation,mort30us
2006-03-01,0,1,8,7
2006-03-02,0,1,8,7
2006-03-03,0,1,8,7
2006-03-06,1,1,8,7
2006-03-07,1,1,8,7
2006-03-08,1,1,8,7
2006-03-09,1,1,8,7
2006-03-10,0,1,8,7
2006-03-13,0,1,8,7
2006-03-14,0,1,8,7
2006-03-15,0,1,8,7
2006-03-16,0,1,8,7
2006-03-17,0,1,8,7
2006-03-20,0,1,8,7
2006-03-21,0,1,8,7
2006-03-22,0,1,8,7
2006-03-23,0,1,8,7
2006-03-24,0,1,8,7
2006-03-27,0,1,8,7
2006-03-28,0,1,8,7
2006-03-29,0,1,8,7
2006-03-30,0,1,8,7
2006-03-31,0,1,8,7
2006-04-03,0,1,8,7
2006-04-04,0,1,8,7
2006-04-05,0,1,8,7
2006-04-06,0,1,8,7
2006-04-07,1,1,8,7
2006-04-10,0,1,8,7
2006-04-11,1,1,8,7
2006-04-12,1,1,8,7
2006-04-13,1,1,8,7
2006-04-17,1,1,8,7
2006-04-18,0,1,8,7
2006-04-19,0,1,8,7
2006-04-20,0,1,8,7
2006-04-21,0,1,8,7
2006-04-24,0,1,8,7
2006-04-25,0,1,8,7
2006-04-26,0,1,8,7
2006-04-27,0,1,8,7
2006-04-28,0,1,8,7
2006-05-01,1,0,7,7
2006-05-02,0,0,7,7
2006-05-03,0,0,7,7
2006-05-04,0,0,7,7
2006-05-05,0,0,7,7
2006-05-08,0,0,7,7
2006-05-09,0,0,7,7
2006-05-10,0,0,7,7
2006-05-11,1,0,7,7
2006-05-12,2,0,7,7
2006-05-15,2,0,7,7
2006-05-16,1,0,7,7
2006-05-17,3,0,7,7
2006-05-18,4,0,7,7
2006-05-19,4,0,7,7
2006-05-22,4,0,7,7
2006-05-23,5,0,7,7
2006-05-24,4,0,7,7
2006-05-25,3,0,7,7
2006-05-26,2,0,7,7
2006-05-30,5,0,7,7
2006-05-31,3,0,7,8
2006-06-01,2,1,6,8
2006-06-02,2,1,6,8
2006-06-05,4,1,6,8
2006-06-06,4,1,6,8
2006-06-07,4,1,6,8
2006-06-08,5,1,6,8
2006-06-09,5,1,6,8
2006-06-12,6,1,6,8
2006-06-13,7,1,6,8
2006-06-14,6,1,6,8
2006-06-15,3,1,6,8
2006-06-16,4,1,6,8
2006-06-19,4,1,6,8
2006-06-20,4,1,6,8
2006-06-21,3,1,6,8
2006-06-22,3,1,6,8
2006-06-23,3,1,6,8
2006-06-26,3,1,6,8
2006-06-27,3,1,6,8
2006-06-28,3,1,6,8
2006-06-29,1,1,6,8
2006-06-30,1,1,6,7
2006-07-03,1,1,6,7
2006-07-05,2,1,6,7
2006-07-06,2,1,6,7
2006-07-07,2,1,6,7
2006-07-10,2,1,6,7
2006-07-11,1,1,6,7
2006-07-12,2,1,6,7
2006-07-13,4,1,6,7
2006-07-14,5,1,6,7
2006-07-17,5,1,6,7
2006-07-18,4,1,6,7
2006-07-19,3,1,6,7
2006-07-20,3,1,6,7
2006-07-21,4,1,6,7
2006-07-24,3,1,6,7
2006-07-25,2,1,6,7
2006-07-26,2,1,6,7
2006-07-27,3,1,6,7
2006-07-28,2,1,6,7
2006-07-31,3,1,6,3
2006-08-01,3,1,6,3
2006-08-02,2,1,6,3
2006-08-03,2,1,6,3
2006-08-04,2,1,6,3
2006-08-07,3,1,6,3
2006-08-08,3,1,6,3
2006-08-09,3,1,6,3
2006-08-10,2,1,6,3
2006-08-11,2,1,6,3
2006-08-14,2,1,6,3
2006-08-15,1,1,6,3
2006-08-16,1,1,6,3
2006-08-17,1,1,6,3
2006-08-18,0,1,6,3
2006-08-21,0,1,6,3
2006-08-22,0,1,6,3
2006-08-23,1,1,6,3
2006-08-24,1,1,6,3
2006-08-25,1,1,6,3
2006-08-28,0,1,6,3
2006-08-29,1,1,6,3
2006-08-30,0,1,6,3
2006-08-31,1,1,6,0
2006-09-01,0,0,0,0
2006-09-05,1,0,0,0
2006-09-06,2,0,0,0
2006-09-07,2,0,0,0
2006-09-08,1,0,0,0
2006-09-11,1,0,0,0
2006-09-12,0,0,0,0
2006-09-13,0,0,0,0
2006-09-14,0,0,0,0
2006-09-15,0,0,0,0
2006-09-18,0,0,0,0
2006-09-19,0,0,0,0
2006-09-20,0,0,0,0
2006-09-21,1,0,0,0
2006-09-22,1,0,0,0
2006-09-25,0,0,0,0
2006-09-26,0,0,0,0
2006-09-27,0,0,0,0
2006-09-28,0,0,0,0
2006-09-29,0,0,0,0
2006-10-02,1,0,0,0
2006-10-03,1,0,0,0
2006-10-04,0,0,0,0
2006-10-05,0,0,0,0
2006-10-06,0,0,0,0
2006-10-09,0,0,0,0
2006-10-10,0,0,0,0
2006-10-11,0,0,0,0
2006-10-12,0,0,0,0
2006-10-13,0,0,0,0
2006-10-16,0,0,0,0
2006-10-17,0,0,0,0
2006-10-18,0,0,0,0
2006-10-19,0,0,0,0
2006-10-20,0,0,0,0
2006-10-23,0,0,0,0
2006-10-24,0,0,0,0
2006-10-25,0,0,0,0
2006-10-26,0,0,0,0
2006-10-27,0,0,0,0
2006-10-30,0,0,0,0
2006-10-31,0,0,0,3
2006-11-01,0,0,3,3
2006-11-02,0,0,3,3
2006-11-03,0,0,3,3
2006-11-06,0,0,3,3
2006-11-07,0,0,3,3
2006-11-08,0,0,3,3
2006-11-09,0,0,3,3
2006-11-10,0,0,3,3
2006-11-13,0,0,3,3
2006-11-14,0,0,3,3
2006-11-15,0,0,3,3
2006-11-16,0,0,3,3
2006-11-17,0,0,3,3
2006-11-20,0,0,3,3
2006-11-21,0,0,3,3
2006-11-22,0,0,3,3
2006-11-24,0,0,3,3
2006-11-27,1,0,3,3
2006-11-28,0,0,3,3
2006-11-29,0,0,3,3
2006-11-30,0,0,3,1
2006-12-01,0,0,5,1
2006-12-04,0,0,5,1
2006-12-05,0,0,5,1
2006-12-06,0,0,5,1
2006-12-07,1,0,5,1
2006-12-08,0,0,5,1
2006-12-11,0,0,5,1
2006-12-12,0,0,5,1
2006-12-13,0,0,5,1
2006-12-14,0,0,5,1
2006-12-15,0,0,5,1
2006-12-18,0,0,5,1
2006-12-19,0,0,5,1
2006-12-20,0,0,5,1
2006-12-21,0,0,5,1
2006-12-22,0,0,5,1
2006-12-26,0,0,5,1
2006-12-27,0,0,5,1
2006-12-28,0,0,5,1
2006-12-29,0,0,5,1
2007-01-03,0,0,5,1
2007-01-04,0,0,5,1
2007-01-05,0,0,5,1
2007-01-08,0,0,5,1
2007-01-09,0,0,5,1
2007-01-10,0,0,5,1
2007-01-11,0,0,5,1
2007-01-12,0,0,5,1
2007-01-16,0,0,5,1
2007-01-17,0,0,5,1
2007-01-18,0,0,5,1
2007-01-19,0,0,5,1
2007-01-22,0,0,5,1
2007-01-23,0,0,5,1
2007-01-24,0,0,5,1
2007-01-25,0,0,5,1
2007-01-26,0,0,5,1
2007-01-29,0,0,5,1
2007-01-30,0,0,5,1
2007-01-31,0,0,5,7
2007-02-01,0,2,8,7
2007-02-02,0,2,8,7
2007-02-05,0,2,8,7
2007-02-06,0,2,8,7
2007-02-07,0,2,8,7
2007-02-08,0,2,8,7
2007-02-09,0,2,8,7
2007-02-12,0,2,8,7
2007-02-13,0,2,8,7
2007-02-14,0,2,8,7
2007-02-15,0,2,8,7
2007-02-16,0,2,8,7
2007-02-20,0,2,8,7
2007-02-21,0,2,8,7
2007-02-22,0,2,8,7
2007-02-23,0,2,8,7
2007-02-26,0,2,8,7
2007-02-27,5,2,8,7
2007-02-28,3,2,8,3
2007-03-01,3,0,9,3
2007-03-02,5,0,9,3
2007-03-05,5,0,9,3
2007-03-06,3,0,9,3
2007-03-07,3,0,9,3
2007-03-08,2,0,9,3
2007-03-09,2,0,9,3
2007-03-12,2,0,9,3
2007-03-13,5,0,9,3
2007-03-14,4,0,9,3
2007-03-15,3,0,9,3
2007-03-16,4,0,9,3
2007-03-19,2,0,9,3
2007-03-20,1,0,9,3
2007-03-21,0,0,9,3
2007-03-22,1,0,9,3
2007-03-23,1,0,9,3
2007-03-26,1,0,9,3
2007-03-27,2,0,9,3
2007-03-28,3,0,9,3
2007-03-29,3,0,9,3
2007-03-30,2,0,9,3
2007-04-02,2,0,9,3
2007-04-03,2,0,9,3
2007-04-04,1,0,9,3
2007-04-05,1,0,9,3
2007-04-09,1,0,9,3
2007-04-10,1,0,9,3
2007-04-11,2,0,9,3
2007-04-12,1,0,9,3
2007-04-13,0,0,9,3
2007-04-16,0,0,9,3
2007-04-17,0,0,9,3
2007-04-18,1,0,9,3
2007-04-19,1,0,9,3
2007-04-20,0,0,9,3
2007-04-23,1,0,9,3
2007-04-24,1,0,9,3
2007-04-25,1,0,9,3
2007-04-26,1,0,9,3
2007-04-27,1,0,9,3
2007-04-30,2,0,9,5
2007-05-01,2,0,8,5
2007-05-02,1,0,8,5
2007-05-03,1,0,8,5
2007-05-04,1,0,8,5
2007-05-07,1,0,8,5
2007-05-08,1,0,8,5
2007-05-09,1,0,8,5
2007-05-10,2,0,8,5
2007-05-11,1,0,8,5
2007-05-14,2,0,8,5
2007-05-15,2,0,8,5
2007-05-16,2,0,8,5
2007-05-17,2,0,8,5
2007-05-18,1,0,8,5
2007-05-21,1,0,8,5
2007-05-22,1,0,8,5
2007-05-23,1,0,8,5
2007-05-24,2,0,8,5
2007-05-25,1,0,8,5
2007-05-29,2,0,8,5
2007-05-30,1,0,8,5
2007-05-31,1,0,8,8
2007-06-01,1,1,6,8
2007-06-04,1,1,6,8
2007-06-05,2,1,6,8
2007-06-06,2,1,6,8
2007-06-07,4,1,6,8
2007-06-08,2,1,6,8
2007-06-11,2,1,6,8
2007-06-12,4,1,6,8
2007-06-13,2,1,6,8
2007-06-14,2,1,6,8
2007-06-15,2,1,6,8
2007-06-18,1,1,6,8
2007-06-19,1,1,6,8
2007-06-20,2,1,6,8
2007-06-21,2,1,6,8
2007-06-22,3,1,6,8
2007-06-25,4,1,6,8
2007-06-26,5,1,6,8
2007-06-27,3,1,6,8
2007-06-28,3,1,6,8
2007-06-29,3,1,6,8
2007-07-02,3,1,6,8
2007-07-03,3,1,6,8
2007-07-05,3,1,6,8
2007-07-06,2,1,6,8
2007-07-09,3,1,6,8
2007-07-10,4,1,6,8
2007-07-11,4,1,6,8
2007-07-12,3,1,6,8
2007-07-13,3,1,6,8
2007-07-16,3,1,6,8
2007-07-17,3,1,6,8
2007-07-18,3,1,6,8
2007-07-19,3,1,6,8
2007-07-20,4,1,6,8
2007-07-23,4,1,6,8
2007-07-24,5,1,6,8
2007-07-25,5,1,6,8
2007-07-26,6,1,6,8
2007-07-27,7,1,6,8
2007-07-30,6,1,6,8
2007-07-31,7,1,6,8
2007-08-01,7,1,2,8
2007-08-02,6,1,2,8
2007-08-03,7,1,2,8
2007-08-06,7,1,2,8
2007-08-07,6,1,2,8
2007-08-08,6,1,2,8
2007-08-09,8,1,2,8
2007-08-10,8,1,2,8
2007-08-13,8,1,2,8
2007-08-14,8,1,2,8
2007-08-15,8,1,2,8
2007-08-16,8,1,2,8
2007-08-17,8,1,2,8
2007-08-20,8,1,2,8
2007-08-21,7,1,2,8
2007-08-22,7,1,2,8
2007-08-23,6,1,2,8
2007-08-24,6,1,2,8
2007-08-27,6,1,2,8
2007-08-28,8,1,2,8
2007-08-29,7,1,2,8
2007-08-30,7,1,2,8
2007-08-31,7,1,2,1
2007-09-04,6,1,2,1
2007-09-05,7,1,2,1
2007-09-06,7,1,2,1
2007-09-07,8,1,2,1
2007-09-10,8,1,2,1
2007-09-11,7,1,2,1
2007-09-12,7,1,2,1
2007-09-13,7,1,2,1
2007-09-14,7,1,2,1
2007-09-17,8,1,2,1
2007-09-18,6,1,2,1
2007-09-19,5,1,2,1
2007-09-20,6,1,2,1
2007-09-21,5,1,2,1
2007-09-24,5,1,2,1
2007-09-25,5,1,2,1
2007-09-26,4,1,2,1
2007-09-27,4,1,2,1
2007-09-28,4,1,2,1
2007-10-01,4,0,6,1
2007-10-02,5,0,6,1
2007-10-03,5,0,6,1
2007-10-04,5,0,6,1
2007-10-05,4,0,6,1
2007-10-08,4,0,6,1
2007-10-09,3,0,6,1
2007-10-10,4,0,6,1
2007-10-11,5,0,6,1
2007-10-12,4,0,6,1
2007-10-15,5,0,6,1
2007-10-16,5,0,6,1
2007-10-17,5,0,6,1
2007-10-18,5,0,6,1
2007-10-19,7,0,6,1
2007-10-22,6,0,6,1
2007-10-23,6,0,6,1
2007-10-24,6,0,6,1
2007-10-25,6,0,6,1
2007-10-26,5,0,6,1
2007-10-29,5,0,6,1
2007-10-30,6,0,6,1
2007-10-31,5,0,6,2
2007-11-01,7,0,8,2
2007-11-02,7,0,8,2
2007-11-05,7,0,8,2
2007-11-06,6,0,8,2
2007-11-07,8,0,8,2
2007-11-08,8,0,8,2
2007-11-09,8,0,8,2
2007-11-12,8,0,8,2
2007-11-13,7,0,8,2
2007-11-14,8,0,8,2
2007-11-15,8,0,8,2
2007-11-16,7,0,8,2
2007-11-19,8,0,8,2
2007-11-20,7,0,8,2
2007-11-21,8,0,8,2
2007-11-23,7,0,8,2
2007-11-26,8,0,8,2
2007-11-27,8,0,8,2
2007-11-28,7,0,8,2
2007-11-29,7,0,8,2
2007-11-30,7,0,8,2
2007-12-03,7,0,8,2
2007-12-04,7,0,8,2
2007-12-05,6,0,8,2
2007-12-06,6,0,8,2
2007-12-07,6,0,8,2
2007-12-10,6,0,8,2
2007-12-11,7,0,8,2
2007-12-12,6,0,8,2
2007-12-13,6,0,8,2
2007-12-14,7,0,8,2
2007-12-17,7,0,8,2
2007-12-18,6,0,8,2
2007-12-19,6,0,8,2
2007-12-20,6,0,8,2
2007-12-21,5,0,8,2
2007-12-24,5,0,8,2
2007-12-26,5,0,8,2
2007-12-27,6,0,8,2
2007-12-28,6,0,8,2
2007-12-31,6,0,8,6
2008-01-02,7,0,8,6
2008-01-03,6,0,8,6
2008-01-04,7,0,8,6
2008-01-07,7,0,8,6
2008-01-08,7,0,8,6
2008-01-09,7,0,8,6
2008-01-10,7,0,8,6
2008-01-11,7,0,8,6
2008-01-14,7,0,8,6
2008-01-15,7,0,8,6
2008-01-16,7,0,8,6
2008-01-17,8,0,8,6
2008-01-18,8,0,8,6
2008-01-22,8,0,8,6
2008-01-23,8,0,8,6
2008-01-24,8,0,8,6
2008-01-25,8,0,8,6
2008-01-28,8,0,8,6
2008-01-29,8,0,8,6
2008-01-30,8,0,8,6
2008-01-31,8,0,8,0
2008-02-01,7,2,7,0
2008-02-04,8,2,7,0
2008-02-05,8,2,7,0
2008-02-06,8,2,7,0
2008-02-07,8,2,7,0
2008-02-08,8,2,7,0
2008-02-11,8,2,7,0
2008-02-12,8,2,7,0
2008-02-13,7,2,7,0
2008-02-14,7,2,7,0
2008-02-15,7,2,7,0
2008-02-19,7,2,7,0
2008-02-20,7,2,7,0
2008-02-21,7,2,7,0
2008-02-22,7,2,7,0
2008-02-25,7,2,7,0
2008-02-26,6,2,7,0
2008-02-27,6,2,7,0
2008-02-28,7,2,7,0
2008-02-29,8,2,7,9
2008-03-03,8,2,7,9
2008-03-04,7,2,7,9
2008-03-05,7,2,7,9
2008-03-06,8,2,7,9
2008-03-07,8,2,7,9
2008-03-10,8,2,7,9
2008-03-11,8,2,7,9
2008-03-12,8,2,7,9
2008-03-13,8,2,7,9
2008-03-14,8,2,7,9
2008-03-17,8,2,7,9
2008-03-18,8,2,7,9
2008-03-19,8,2,7,9
2008-03-20,8,2,7,9
2008-03-24,8,2,7,9
2008-03-25,8,2,7,9
2008-03-26,8,2,7,9
2008-03-27,8,2,7,9
2008-03-28,8,2,7,9
2008-03-31,7,2,7,0
2008-04-01,6,1,8,0
2008-04-02,7,1,8,0
2008-04-03,7,1,8,0
2008-04-04,6,1,8,0
2008-04-07,6,1,8,0
2008-04-08,6,1,8,0
2008-04-09,7,1,8,0
2008-04-10,6,1,8,0
2008-04-11,7,1,8,0
2008-04-14,7,1,8,0
2008-04-15,6,1,8,0
2008-04-16,6,1,8,0
2008-04-17,6,1,8,0
2008-04-18,5,1,8,0
2008-04-21,6,1,8,0
2008-04-22,6,1,8,0
2008-04-23,6,1,8,0
2008-04-24,5,1,8,0
2008-04-25,5,1,8,0
2008-04-28,5,1,8,0
2008-04-29,6,1,8,0
2008-04-30,6,1,8,8
2008-05-01,5,2,9,8
2008-05-02,5,2,9,8
2008-05-05,5,2,9,8
2008-05-06,5,2,9,8
2008-05-07,5,2,9,8
2008-05-08,5,2,9,8
2008-05-09,5,2,9,8
2008-05-12,4,2,9,8
2008-05-13,4,2,9,8
2008-05-14,4,2,9,8
2008-05-15,3,2,9,8
2008-05-16,3,2,9,8
2008-05-19,4,2,9,8
2008-05-20,4,2,9,8
2008-05-21,5,2,9,8
2008-05-22,5,2,9,8
2008-05-23,5,2,9,8
2008-05-27,5,2,9,8
2008-05-28,5,2,9,8
2008-05-29,5,2,9,8
2008-05-30,4,2,9,8
2008-06-02,5,2,9,8
2008-06-03,6,2,9,8
2008-06-04,6,2,9,8
2008-06-05,5,2,9,8
2008-06-06,7,2,9,8
2008-06-09,7,2,9,8
2008-06-10,7,2,9,8
2008-06-11,7,2,9,8
2008-06-12,7,2,9,8
2008-06-13,6,2,9,8
2008-06-16,6,2,9,8
2008-06-17,6,2,9,8
2008-06-18,6,2,9,8
2008-06-19,6,2,9,8
2008-06-20,7,2,9,8
2008-06-23,6,2,9,8
2008-06-24,6,2,9,8
2008-06-25,6,2,9,8
2008-06-26,7,2,9,8
2008-06-27,7,2,9,8
2008-06-30,7,2,9,8
2008-07-01,7,3,7,8
2008-07-02,8,3,7,8
2008-07-03,7,3,7,8
2008-07-07,8,3,7,8
2008-07-08,7,3,7,8
2008-07-09,7,3,7,8
2008-07-10,7,3,7,8
2008-07-11,8,3,7,8
2008-07-14,8,3,7,8
2008-07-15,8,3,7,8
2008-07-16,7,3,7,8
2008-07-17,7,3,7,8
2008-07-18,7,3,7,8
2008-07-21,7,3,7,8
2008-07-22,6,3,7,8
2008-07-23,6,3,7,8
2008-07-24,7,3,7,8
2008-07-25,7,3,7,8
2008-07-28,7,3,7,8
2008-07-29,6,3,7,8
2008-07-30,6,3,7,8
2008-07-31,7,3,7,7
2008-08-01,6,3,1,7
2008-08-04,7,3,1,7
2008-08-05,6,3,1,7
2008-08-06,6,3,1,7
2008-08-07,6,3,1,7
2008-08-08,6,3,1,7
2008-08-11,5,3,1,7
2008-08-12,6,3,1,7
2008-08-13,6,3,1,7
2008-08-14,6,3,1,7
2008-08-15,5,3,1,7
2008-08-18,6,3,1,7
2008-08-19,6,3,1,7
2008-08-20,6,3,1,7
2008-08-21,5,3,1,7
2008-08-22,5,3,1,7
2008-08-25,6,3,1,7
2008-08-26,6,3,1,7
2008-08-27,5,3,1,7
2008-08-28,5,3,1,7
2008-08-29,6,3,1,7
2008-09-02,6,3,1,7
2008-09-03,6,3,1,7
2008-09-04,7,3,1,7
2008-09-05,7,3,1,7
2008-09-08,6,3,1,7
2008-09-09,7,3,1,7
2008-09-10,7,3,1,7
2008-09-11,7,3,1,7
2008-09-12,8,3,1,7
2008-09-15,8,3,1,7
2008-09-16,8,3,1,7
2008-09-17,9,3,1,7
2008-09-18,9,3,1,7
2008-09-19,8,3,1,7
2008-09-22,9,3,1,7
2008-09-23,9,3,1,7
2008-09-24,9,3,1,7
2008-09-25,8,3,1,7
2008-09-26,9,3,1,7
2008-09-29,9,3,1,7
2008-09-30,9,3,1,0
2008-10-01,9,3,0,0
2008-10-02,9,3,0,0
2008-10-03,9,3,0,0
2008-10-06,9,3,0,0
2008-10-07,9,3,0,0
2008-10-08,9,3,0,0
2008-10-09,9,3,0,0
2008-10-10,9,3,0,0
2008-10-13,9,3,0,0
2008-10-14,9,3,0,0
2008-10-15,9,3,0,0
2008-10-16,9,3,0,0
2008-10-17,9,3,0,0
2008-10-20,9,3,0,0
2008-10-21,9,3,0,0
2008-10-22,9,3,0,0
2008-10-23,9,3,0,0
2008-10-24,9,3,0,0
2008-10-27,9,3,0,0
2008-10-28,9,3,0,0
2008-10-29,9,3,0,0
2008-10-30,9,3,0,0
2008-10-31,9,3,0,8
2008-11-03,9,3,0,8
2008-11-04,9,3,0,8
2008-11-05,9,3,0,8
2008-11-06,9,3,0,8
2008-11-07,9,3,0,8
2008-11-10,9,3,0,8
2008-11-11,9,3,0,8
2008-11-12,9,3,0,8
2008-11-13,9,3,0,8
2008-11-14,9,3,0,8
2008-11-17,9,3,0,8
2008-11-18,9,3,0,8
2008-11-19,9,3,0,8
2008-11-20,9,3,0,8
2008-11-21,9,3,0,8
2008-11-24,9,3,0,8
2008-11-25,9,3,0,8
2008-11-26,9,3,0,8
2008-11-28,9,3,0,8
2008-12-01,9,4,0,8
2008-12-02,9,4,0,8
2008-12-03,9,4,0,8
2008-12-04,9,4,0,8
2008-12-05,9,4,0,8
2008-12-08,9,4,0,8
2008-12-09,9,4,0,8
2008-12-10,9,4,0,8
2008-12-11,9,4,0,8
2008-12-12,9,4,0,8
2008-12-15,9,4,0,8
2008-12-16,9,4,0,8
2008-12-17,9,4,0,8
2008-12-18,9,4,0,8
2008-12-19,9,4,0,8
2008-12-22,9,4,0,8
2008-12-23,9,4,0,8
2008-12-24,9,4,0,8
2008-12-26,9,4,0,8
2008-12-29,9,4,0,8
2008-12-30,9,4,0,8
2008-12-31,9,4,0,0
2009-01-02,9,4,0,0
2009-01-05,9,4,0,0
2009-01-06,9,4,0,0
2009-01-07,9,4,0,0
2009-01-08,9,4,0,0
2009-01-09,9,4,0,0
2009-01-12,9,4,0,0
2009-01-13,9,4,0,0
2009-01-14,9,4,0,0
2009-01-15,9,4,0,0
2009-01-16,9,4,0,0
2009-01-20,9,4,0,0
2009-01-21,9,4,0,0
2009-01-22,9,4,0,0
2009-01-23,9,4,0,0
2009-01-26,9,4,0,0
2009-01-27,9,4,0,0
2009-01-28,9,4,0,0
2009-01-29,9,4,0,0
2009-01-30,9,4,0,0
2009-02-02,9,4,0,0
2009-02-03,9,4,0,0
2009-02-04,9,4,0,0
2009-02-05,9,4,0,0
2009-02-06,9,4,0,0
2009-02-09,9,4,0,0
2009-02-10,9,4,0,0
2009-02-11,9,4,0,0
2009-02-12,9,4,0,0
2009-02-13,9,4,0,0
2009-02-17,9,4,0,0
2009-02-18,9,4,0,0
2009-02-19,9,4,0,0
2009-02-20,9,4,0,0
2009-02-23,9,4,0,0
2009-02-24,9,4,0,0
2009-02-25,9,4,0,0
2009-02-26,9,4,0,0
2009-02-27,9,4,0,0
2009-03-02,9,4,0,0
2009-03-03,9,4,0,0
2009-03-04,9,4,0,0
2009-03-05,9,4,0,0
2009-03-06,9,4,0,0
2009-03-09,9,4,0,0
2009-03-10,9,4,0,0
2009-03-11,9,4,0,0
2009-03-12,9,4,0,0
2009-03-13,9,4,0,0
2009-03-16,9,4,0,0
2009-03-17,9,4,0,0
2009-03-18,9,4,0,0
2009-03-19,9,4,0,0
2009-03-20,9,4,0,0
2009-03-23,9,4,0,0
2009-03-24,9,4,0,0
2009-03-25,9,4,0,0
2009-03-26,9,4,0,0
2009-03-27,9,4,0,0
2009-03-30,9,4,0,0
2009-03-31,9,4,0,0
2009-04-01,9,6,6,0
2009-04-02,9,6,6,0
2009-04-03,9,6,6,0
2009-04-06,9,6,6,0
2009-04-07,9,6,6,0
2009-04-08,9,6,6,0
2009-04-09,9,6,6,0
2009-04-13,9,6,6,0
2009-04-14,9,6,6,0
2009-04-15,9,6,6,0
2009-04-16,9,6,6,0
2009-04-17,9,6,6,0
2009-04-20,9,6,6,0
2009-04-21,9,6,6,0
2009-04-22,9,6,6,0
2009-04-23,9,6,6,0
2009-04-24,9,6,6,0
2009-04-27,9,6,6,0
2009-04-28,9,6,6,0
2009-04-29,9,6,6,0
2009-04-30,9,6,6,5
2009-05-01,9,7,6,5
2009-05-04,9,7,6,5
2009-05-05,9,7,6,5
2009-05-06,8,7,6,5
2009-05-07,9,7,6,5
2009-05-08,8,7,6,5
2009-05-11,9,7,6,5
2009-05-12,8,7,6,5
2009-05-13,9,7,6,5
2009-05-14,8,7,6,5
2009-05-15,9,7,6,5
2009-05-18,8,7,6,5
2009-05-19,8,7,6,5
2009-05-20,8,7,6,5
2009-05-21,8,7,6,5
2009-05-22,8,7,6,5
2009-05-26,8,7,6,5
2009-05-27,8,7,6,5
2009-05-28,8,7,6,5
2009-05-29,8,7,6,5
2009-06-01,8,9,9,5
2009-06-02,8,9,9,5
2009-06-03,8,9,9,5
2009-06-04,8,9,9,5
2009-06-05,8,9,9,5
2009-06-08,8,9,9,5
2009-06-09,8,9,9,5
2009-06-10,8,9,9,5
2009-06-11,8,9,9,5
2009-06-12,8,9,9,5
2009-06-15,8,9,9,5
2009-06-16,8,9,9,5
2009-06-17,8,9,9,5
2009-06-18,8,9,9,5
2009-06-19,8,9,9,5
2009-06-22,8,9,9,5
2009-06-23,8,9,9,5
2009-06-24,8,9,9,5
2009-06-25,8,9,9,5
2009-06-26,8,9,9,5
2009-06-29,7,9,9,5
2009-06-30,8,9,9,9
2009-07-01,8,9,2,9
2009-07-02,8,9,2,9
2009-07-06,8,9,2,9
2009-07-07,8,9,2,9
2009-07-08,8,9,2,9
2009-07-09,8,9,2,9
2009-07-10,8,9,2,9
2009-07-13,8,9,2,9
2009-07-14,7,9,2,9
2009-07-15,8,9,2,9
2009-07-16,7,9,2,9
2009-07-17,7,9,2,9
2009-07-20,7,9,2,9
2009-07-21,7,9,2,9
2009-07-22,7,9,2,9
2009-07-23,7,9,2,9
2009-07-24,7,9,2,9
2009-07-27,7,9,2,9
2009-07-28,7,9,2,9
2009-07-29,7,9,2,9
2009-07-30,7,9,2,9
2009-07-31,8,9,2,3
2009-08-03,7,9,2,3
2009-08-04,7,9,2,3
2009-08-05,7,9,2,3
2009-08-06,8,9,2,3
2009-08-07,7,9,2,3
2009-08-10,7,9,2,3
2009-08-11,8,9,2,3
2009-08-12,7,9,2,3
2009-08-13,7,9,2,3
2009-08-14,7,9,2,3
2009-08-17,8,9,2,3
2009-08-18,8,9,2,3
2009-08-19,8,9,2,3
2009-08-20,7,9,2,3
2009-08-21,7,9,2,3
2009-08-24,7,9,2,3
2009-08-25,7,9,2,3
2009-08-26,7,9,2,3
2009-08-27,7,9,2,3
2009-08-28,7,9,2,3
2009-08-31,8,9,2,3
2009-09-01,8,8,4,3
2009-09-02,8,8,4,3
2009-09-03,8,8,4,3
2009-09-04,7,8,4,3
2009-09-08,8,8,4,3
2009-09-09,7,8,4,3
2009-09-10,7,8,4,3
2009-09-11,7,8,4,3
2009-09-14,7,8,4,3
2009-09-15,7,8,4,3
2009-09-16,7,8,4,3
2009-09-17,7,8,4,3
2009-09-18,7,8,4,3
2009-09-21,7,8,4,3
2009-09-22,7,8,4,3
2009-09-23,7,8,4,3
2009-09-24,7,8,4,3
2009-09-25,7,8,4,3
2009-09-28,7,8,4,3
2009-09-29,7,8,4,3
2009-09-30,7,8,4,2
2009-10-01,8,8,4,2
2009-10-02,8,8,4,2
2009-10-05,8,8,4,2
2009-10-06,8,8,4,2
2009-10-07,7,8,4,2
2009-10-08,7,8,4,2
2009-10-09,7,8,4,2
2009-10-12,7,8,4,2
2009-10-13,7,8,4,2
2009-10-14,7,8,4,2
2009-10-15,6,8,4,2
2009-10-16,6,8,4,2
2009-10-19,6,8,4,2
2009-10-20,6,8,4,2
2009-10-21,6,8,4,2
2009-10-22,6,8,4,2
2009-10-23,6,8,4,2
2009-10-26,7,8,4,2
2009-10-27,7,8,4,2
2009-10-28,8,8,4,2
2009-10-29,7,8,4,2
2009-10-30,8,8,4,2
2009-11-02,8,8,4,2
2009-11-03,8,8,4,2
2009-11-04,8,8,4,2
2009-11-05,7,8,4,2
2009-11-06,7,8,4,2
2009-11-09,7,8,4,2
2009-11-10,7,8,4,2
2009-11-11,7,8,4,2
2009-11-12,7,8,4,2
2009-11-13,7,8,4,2
2009-11-16,7,8,4,2
2009-11-17,6,8,4,2
2009-11-18,6,8,4,2
2009-11-19,6,8,4,2
2009-11-20,6,8,4,2
2009-11-23,6,8,4,2
2009-11-24,6,8,4,2
2009-11-25,6,8,4,2
2009-11-27,7,8,4,2
2009-11-30,7,8,4,1
2009-12-01,6,9,2,1
2009-12-02,6,9,2,1
2009-12-03,6,9,2,1
2009-12-04,6,9,2,1
2009-12-07,6,9,2,1
2009-12-08,7,9,2,1
2009-12-09,6,9,2,1
2009-12-10,6,9,2,1
2009-12-11,6,9,2,1
2009-12-14,6,9,2,1
2009-12-15,6,9,2,1
2009-12-16,6,9,2,1
2009-12-17,6,9,2,1
2009-12-18,6,9,2,1
2009-12-21,6,9,2,1
2009-12-22,5,9,2,1
2009-12-23,5,9,2,1
2009-12-24,5,9,2,1
2009-12-28,5,9,2,1
2009-12-29,5,9,2,1
2009-12-30,5,9,2,1
2009-12-31,6,9,2,8
2010-01-04,5,9,2,8
2010-01-05,5,9,2,8
2010-01-06,5,9,2,8
2010-01-07,5,9,2,8
2010-01-08,5,9,2,8
2010-01-11,4,9,2,8
2010-01-12,5,9,2,8
2010-01-13,4,9,2,8
2010-01-14,4,9,2,8
2010-01-15,4,9,2,8
2010-01-19,4,9,2,8
2010-01-20,5,9,2,8
2010-01-21,6,9,2,8
2010-01-22,8,9,2,8
2010-01-25,7,9,2,8
2010-01-26,7,9,2,8
2010-01-27,7,9,2,8
2010-01-28,7,9,2,8
2010-01-29,7,9,2,8
2010-02-01,6,9,4,8
2010-02-02,6,9,4,8
2010-02-03,6,9,4,8
2010-02-04,8,9,4,8
2010-02-05,8,9,4,8
2010-02-08,8,9,4,8
2010-02-09,8,9,4,8
2010-02-10,7,9,4,8
2010-02-11,7,9,4,8
2010-02-12,6,9,4,8
2010-02-16,6,9,4,8
2010-02-17,6,9,4,8
2010-02-18,6,9,4,8
2010-02-19,5,9,4,8
2010-02-22,5,9,4,8
2010-02-23,6,9,4,8
2010-02-24,6,9,4,8
2010-02-25,5,9,4,8
2010-02-26,5,9,4,8
2010-03-01,5,9,7,8
2010-03-02,5,9,7,8
2010-03-03,5,9,7,8
2010-03-04,5,9,7,8
2010-03-05,4,9,7,8
2010-03-08,4,9,7,8
2010-03-09,4,9,7,8
2010-03-10,5,9,7,8
2010-03-11,5,9,7,8
2010-03-12,4,9,7,8
2010-03-15,4,9,7,8
2010-03-16,4,9,7,8
2010-03-17,4,9,7,8
2010-03-18,4,9,7,8
2010-03-19,4,9,7,8
2010-03-22,4,9,7,8
2010-03-23,3,9,7,8
2010-03-24,4,9,7,8
2010-03-25,5,9,7,8
2010-03-26,4,9,7,8
2010-03-29,4,9,7,8
2010-03-30,4,9,7,8
2010-03-31,4,9,7,4
2010-04-01,4,8,5,4
2010-04-05,4,8,5,4
2010-04-06,3,8,5,4
2010-04-07,4,8,5,4
2010-04-08,3,8,5,4
2010-04-09,3,8,5,4
2010-04-12,3,8,5,4
2010-04-13,3,8,5,4
2010-04-14,3,8,5,4
2010-04-15,3,8,5,4
2010-04-16,5,8,5,4
2010-04-19,4,8,5,4
2010-04-20,3,8,5,4
2010-04-21,3,8,5,4
2010-04-22,3,8,5,4
2010-04-23,4,8,5,4
2010-04-26,4,8,5,4
2010-04-27,7,8,5,4
2010-04-28,6,8,5,4
2010-04-29,5,8,5,4
2010-04-30,6,8,5,5
2010-05-03,5,8,5,5
2010-05-04,7,8,5,5
2010-05-05,7,8,5,5
2010-05-06,8,8,5,5
2010-05-07,9,8,5,5
2010-05-10,8,8,5,5
2010-05-11,8,8,5,5
2010-05-12,7,8,5,5
2010-05-13,8,8,5,5
2010-05-14,8,8,5,5
2010-05-17,8,8,5,5
2010-05-18,9,8,5,5
2010-05-19,9,8,5,5
2010-05-20,9,8,5,5
2010-05-21,9,8,5,5
2010-05-24,9,8,5,5
2010-05-25,9,8,5,5
2010-05-26,9,8,5,5
2010-05-27,8,8,5,5
2010-05-28,8,8,5,5
2010-06-01,9,9,3,5
2010-06-02,8,9,3,5
2010-06-03,8,9,3,5
2010-06-04,9,9,3,5
2010-06-07,9,9,3,5
2010-06-08,9,9,3,5
2010-06-09,9,9,3,5
2010-06-10,8,9,3,5
2010-06-11,8,9,3,5
2010-06-14,8,9,3,5
2010-06-15,8,9,3,5
2010-06-16,8,9,3,5
2010-06-17,7,9,3,5
2010-06-18,7,9,3,5
2010-06-21,7,9,3,5
2010-06-22,8,9,3,5
2010-06-23,8,9,3,5
2010-06-24,8,9,3,5
2010-06-25,8,9,3,5
2010-06-28,8,9,3,5
2010-06-29,9,9,3,5
2010-06-30,9,9,3,2
2010-07-01,8,9,3,2
2010-07-02,8,9,3,2
2010-07-06,8,9,3,2
2010-07-07,8,9,3,2
2010-07-08,8,9,3,2
2010-07-09,7,9,3,2
2010-07-12,7,9,3,2
2010-07-13,7,9,3,2
2010-07-14,7,9,3,2
2010-07-15,7,9,3,2
2010-07-16,8,9,3,2
2010-07-19,8,9,3,2
2010-07-20,7,9,3,2
2010-07-21,8,9,3,2
2010-07-22,7,9,3,2
2010-07-23,7,9,3,2
2010-07-26,6,9,3,2
2010-07-27,7,9,3,2
2010-07-28,7,9,3,2
2010-07-29,7,9,3,2
2010-07-30,7,9,3,2
2010-08-02,6,9,3,2
2010-08-03,6,9,3,2
2010-08-04,6,9,3,2
2010-08-05,6,9,3,2
2010-08-06,6,9,3,2
2010-08-09,6,9,3,2
2010-08-10,6,9,3,2
2010-08-11,7,9,3,2
2010-08-12,8,9,3,2
2010-08-13,8,9,3,2
2010-08-16,8,9,3,2
2010-08-17,7,9,3,2
2010-08-18,7,9,3,2
2010-08-19,8,9,3,2
2010-08-20,7,9,3,2
2010-08-23,8,9,3,2
2010-08-24,8,9,3,2
2010-08-25,8,9,3,2
2010-08-26,8,9,3,2
2010-08-27,7,9,3,2
2010-08-30,8,9,3,2
2010-08-31,8,9,3,0
2010-09-01,7,8,4,0
2010-09-02,7,8,4,0
2010-09-03,6,8,4,0
2010-09-07,7,8,4,0
2010-09-08,7,8,4,0
2010-09-09,7,8,4,0
2010-09-10,6,8,4,0
2010-09-13,6,8,4,0
2010-09-14,6,8,4,0
2010-09-15,6,8,4,0
2010-09-16,6,8,4,0
2010-09-17,6,8,4,0
2010-09-20,6,8,4,0
2010-09-21,6,8,4,0
2010-09-22,6,8,4,0
2010-09-23,7,8,4,0
2010-09-24,6,8,4,0
2010-09-27,6,8,4,0
2010-09-28,6,8,4,0
2010-09-29,7,8,4,0
2010-09-30,7,8,4,5
2010-10-01,6,7,5,5
2010-10-04,7,7,5,5
2010-10-05,6,7,5,5
2010-10-06,6,7,5,5
2010-10-07,6,7,5,5
2010-10-08,6,7,5,5
2010-10-11,5,7,5,5
2010-10-12,5,7,5,5
2010-10-13,5,7,5,5
2010-10-14,5,7,5,5
2010-10-15,5,7,5,5
2010-10-18,5,7,5,5
2010-10-19,6,7,5,5
2010-10-20,5,7,5,5
2010-10-21,5,7,5,5
2010-10-22,5,7,5,5
2010-10-25,5,7,5,5
2010-10-26,6,7,5,5
2010-10-27,6,7,5,5
2010-10-28,6,7,5,5
2010-10-29,6,7,5,5
2010-11-01,6,8,4,5
2010-11-02,6,8,4,5
2010-11-03,5,8,4,5
2010-11-04,5,8,4,5
2010-11-05,5,8,4,5
2010-11-08,5,8,4,5
2010-11-09,5,8,4,5
2010-11-10,5,8,4,5
2010-11-11,5,8,4,5
2010-11-12,6,8,4,5
2010-11-15,5,8,4,5
2010-11-16,6,8,4,5
2010-11-17,6,8,4,5
2010-11-18,5,8,4,5
2010-11-19,5,8,4,5
2010-11-22,5,8,4,5
2010-11-23,6,8,4,5
2010-11-24,5,8,4,5
2010-11-26,6,8,4,5
2010-11-29,6,8,4,5
2010-11-30,7,8,4,7
2010-12-01,6,7,5,7
2010-12-02,5,7,5,7
2010-12-03,5,7,5,7
2010-12-06,5,7,5,7
2010-12-07,4,7,5,7
2010-12-08,4,7,5,7
2010-12-09,4,7,5,7
2010-12-10,4,7,5,7
2010-12-13,4,7,5,7
2010-12-14,4,7,5,7
2010-12-15,4,7,5,7
2010-12-16,4,7,5,7
2010-12-17,3,7,5,7
2010-12-20,3,7,5,7
2010-12-21,4,7,5,7
2010-12-22,3,7,5,7
2010-12-23,3,7,5,7
2010-12-27,4,7,5,7
2010-12-28,4,7,5,7
2010-12-29,4,7,5,7
2010-12-30,4,7,5,7
2010-12-31,4,7,5,9
2011-01-03,4,7,5,9
2011-01-04,4,7,5,9
2011-01-05,4,7,5,9
2011-01-06,4,7,5,9
2011-01-07,4,7,5,9
2011-01-10,4,7,5,9
2011-01-11,4,7,5,9
2011-01-12,3,7,5,9
2011-01-13,3,7,5,9
2011-01-14,3,7,5,9
2011-01-18,3,7,5,9
2011-01-19,4,7,5,9
2011-01-20,4,7,5,9
2011-01-21,5,7,5,9
2011-01-24,4,7,5,9
2011-01-25,4,7,5,9
2011-01-26,4,7,5,9
2011-01-27,3,7,5,9
2011-01-28,5,7,5,9
2011-01-31,5,7,5,5
2011-02-01,4,8,7,5
2011-02-02,4,8,7,5
2011-02-03,4,8,7,5
2011-02-04,3,8,7,5
2011-02-07,3,8,7,5
2011-02-08,3,8,7,5
2011-02-09,3,8,7,5
2011-02-10,3,8,7,5
2011-02-11,3,8,7,5
2011-02-14,3,8,7,5
2011-02-15,3,8,7,5
2011-02-16,4,8,7,5
2011-02-17,4,8,7,5
2011-02-18,3,8,7,5
2011-02-22,6,8,7,5
2011-02-23,6,8,7,5
2011-02-24,6,8,7,5
2011-02-25,5,8,7,5
2011-02-28,5,8,7,7
2011-03-01,6,8,9,7
2011-03-02,6,8,9,7
2011-03-03,5,8,9,7
2011-03-04,5,8,9,7
2011-03-07,6,8,9,7
2011-03-08,5,8,9,7
2011-03-09,6,8,9,7
2011-03-10,6,8,9,7
2011-03-11,5,8,9,7
2011-03-14,6,8,9,7
2011-03-15,7,8,9,7
2011-03-16,8,8,9,7
2011-03-17,8,8,9,7
2011-03-18,7,8,9,7
2011-03-21,6,8,9,7
2011-03-22,6,8,9,7
2011-03-23,5,8,9,7
2011-03-24,4,8,9,7
2011-03-25,4,8,9,7
2011-03-28,5,8,9,7
2011-03-29,5,8,9,7
2011-03-30,4,8,9,7
2011-03-31,4,8,9,4
2011-04-01,4,7,8,4
2011-04-04,4,7,8,4
2011-04-05,4,7,8,4
2011-04-06,4,7,8,4
2011-04-07,4,7,8,4
2011-04-08,4,7,8,4
2011-04-11,4,7,8,4
2011-04-12,4,7,8,4
2011-04-13,4,7,8,4
2011-04-14,3,7,8,4
2011-04-15,3,7,8,4
2011-04-18,4,7,8,4
2011-04-19,3,7,8,4
2011-04-20,3,7,8,4
2011-04-21,2,7,8,4
2011-04-25,3,7,8,4
2011-04-26,3,7,8,4
2011-04-27,3,7,8,4
2011-04-28,2,7,8,4
2011-04-29,2,7,8,4
2011-05-02,3,7,8,4
2011-05-03,4,7,8,4
2011-05-04,4,7,8,4
2011-05-05,5,7,8,4
2011-05-06,5,7,8,4
2011-05-09,4,7,8,4
2011-05-10,3,7,8,4
2011-05-11,4,7,8,4
2011-05-12,3,7,8,4
2011-05-13,4,7,8,4
2011-05-16,5,7,8,4
2011-05-17,4,7,8,4
2011-05-18,3,7,8,4
2011-05-19,3,7,8,4
2011-05-20,4,7,8,4
2011-05-23,5,7,8,4
2011-05-24,4,7,8,4
2011-05-25,4,7,8,4
2011-05-26,3,7,8,4
2011-05-27,3,7,8,4
2011-05-31,3,7,8,0
2011-06-01,5,8,3,0
2011-06-02,5,8,3,0
2011-06-03,4,8,3,0
2011-06-06,5,8,3,0
2011-06-07,5,8,3,0
2011-06-08,5,8,3,0
2011-06-09,4,8,3,0
2011-06-10,5,8,3,0
2011-06-13,5,8,3,0
2011-06-14,5,8,3,0
2011-06-15,6,8,3,0
2011-06-16,6,8,3,0
2011-06-17,6,8,3,0
2011-06-20,5,8,3,0
2011-06-21,5,8,3,0
2011-06-22,5,8,3,0
2011-06-23,5,8,3,0
2011-06-24,6,8,3,0
2011-06-27,6,8,3,0
2011-06-28,5,8,3,0
2011-06-29,4,8,3,0
2011-06-30,4,8,3,4
2011-07-01,3,8,4,4
2011-07-05,3,8,4,4
2011-07-06,3,8,4,4
2011-07-07,3,8,4,4
2011-07-08,3,8,4,4
2011-07-11,5,8,4,4
2011-07-12,5,8,4,4
2011-07-13,5,8,4,4
2011-07-14,6,8,4,4
2011-07-15,5,8,4,4
2011-07-18,6,8,4,4
2011-07-19,5,8,4,4
2011-07-20,5,8,4,4
2011-07-21,4,8,4,4
2011-07-22,4,8,4,4
2011-07-25,5,8,4,4
2011-07-26,6,8,4,4
2011-07-27,7,8,4,4
2011-07-28,7,8,4,4
2011-07-29,7,8,4,4
2011-08-01,7,7,6,4
2011-08-02,7,7,6,4
2011-08-03,7,7,6,4
2011-08-04,8,7,6,4
2011-08-05,8,7,6,4
2011-08-08,9,7,6,4
2011-08-09,9,7,6,4
2011-08-10,9,7,6,4
2011-08-11,9,7,6,4
2011-08-12,9,7,6,4
2011-08-15,8,7,6,4
2011-08-16,8,7,6,4
2011-08-17,8,7,6,4
2011-08-18,9,7,6,4
2011-08-19,9,7,6,4
2011-08-22,9,7,6,4
2011-08-23,9,7,6,4
2011-08-24,9,7,6,4
2011-08-25,9,7,6,4
2011-08-26,9,7,6,4
2011-08-29,8,7,6,4
2011-08-30,9,7,6,4
2011-08-31,8,7,6,0
2011-09-01,8,7,5,0
2011-09-02,9,7,5,0
2011-09-06,9,7,5,0
2011-09-07,9,7,5,0
2011-09-08,9,7,5,0
2011-09-09,9,7,5,0
2011-09-12,9,7,5,0
2011-09-13,9,7,5,0
2011-09-14,9,7,5,0
2011-09-15,8,7,5,0
2011-09-16,8,7,5,0
2011-09-19,8,7,5,0
2011-09-20,8,7,5,0
2011-09-21,9,7,5,0
2011-09-22,9,7,5,0
2011-09-23,9,7,5,0
2011-09-26,9,7,5,0
2011-09-27,9,7,5,0
2011-09-28,9,7,5,0
2011-09-29,9,7,5,0
2011-09-30,9,7,5,1
2011-10-03,9,7,5,1
2011-10-04,9,7,5,1
2011-10-05,9,7,5,1
2011-10-06,9,7,5,1
2011-10-07,9,7,5,1
2011-10-10,9,7,5,1
2011-10-11,8,7,5,1
2011-10-12,8,7,5,1
2011-10-13,8,7,5,1
2011-10-14,8,7,5,1
2011-10-17,9,7,5,1
2011-10-18,8,7,5,1
2011-10-19,9,7,5,1
2011-10-20,9,7,5,1
2011-10-21,8,7,5,1
2011-10-24,8,7,5,1
2011-10-25,8,7,5,1
2011-10-26,8,7,5,1
2011-10-27,7,7,5,1
2011-10-28,7,7,5,1
2011-10-31,8,7,5,6
2011-11-01,9,6,3,6
2011-11-02,8,6,3,6
2011-11-03,8,6,3,6
2011-11-04,8,6,3,6
2011-11-07,8,6,3,6
2011-11-08,8,6,3,6
2011-11-09,9,6,3,6
2011-11-10,8,6,3,6
2011-11-11,8,6,3,6
2011-11-14,8,6,3,6
2011-11-15,8,6,3,6
2011-11-16,9,6,3,6
2011-11-17,9,6,3,6
2011-11-18,8,6,3,6
2011-11-21,9,6,3,6
2011-11-22,8,6,3,6
2011-11-23,9,6,3,6
2011-11-25,9,6,3,6
2011-11-28,8,6,3,6
2011-11-29,8,6,3,6
2011-11-30,8,6,3,4
2011-12-01,8,6,1,4
2011-12-02,8,6,1,4
2011-12-05,8,6,1,4
2011-12-06,8,6,1,4
2011-12-07,8,6,1,4
2011-12-08,8,6,1,4
2011-12-09,8,6,1,4
2011-12-12,8,6,1,4
2011-12-13,7,6,1,4
2011-12-14,8,6,1,4
2011-12-15,7,6,1,4
2011-12-16,7,6,1,4
2011-12-19,7,6,1,4
2011-12-20,7,6,1,4
2011-12-21,6,6,1,4
2011-12-22,6,6,1,4
2011-12-23,6,6,1,4
2011-12-27,6,6,1,4
2011-12-28,7,6,1,4
2011-12-29,6,6,1,4
2011-12-30,7,6,1,4
2012-01-03,7,6,1,4
2012-01-04,6,6,1,4
2012-01-05,6,6,1,4
2012-01-06,6,6,1,4
2012-01-09,6,6,1,4
2012-01-10,6,6,1,4
2012-01-11,6,6,1,4
2012-01-12,6,6,1,4
2012-01-13,6,6,1,4
2012-01-17,6,6,1,4
2012-01-18,6,6,1,4
2012-01-19,5,6,1,4
2012-01-20,5,6,1,4
2012-01-23,5,6,1,4
2012-01-24,5,6,1,4
2012-01-25,5,6,1,4
2012-01-26,5,6,1,4
2012-01-27,5,6,1,4
2012-01-30,5,6,1,4
2012-01-31,5,6,1,4
2012-02-01,5,7,7,4
2012-02-02,4,7,7,4
2012-02-03,4,7,7,4
2012-02-06,4,7,7,4
2012-02-07,4,7,7,4
2012-02-08,5,7,7,4
2012-02-09,5,7,7,4
2012-02-10,6,7,7,4
2012-02-13,5,7,7,4
2012-02-14,5,7,7,4
2012-02-15,6,7,7,4
2012-02-16,5,7,7,4
2012-02-17,4,7,7,4
2012-02-21,5,7,7,4
2012-02-22,5,7,7,4
2012-02-23,4,7,7,4
2012-02-24,4,7,7,4
2012-02-27,5,7,7,4
2012-02-28,4,7,7,4
2012-02-29,5,7,7,6
2012-03-01,4,6,9,6
2012-03-02,4,6,9,6
2012-03-05,5,6,9,6
2012-03-06,6,6,9,6
2012-03-07,5,6,9,6
2012-03-08,4,6,9,6
2012-03-09,4,6,9,6
2012-03-12,3,6,9,6
2012-03-13,2,6,9,6
2012-03-14,3,6,9,6
2012-03-15,3,6,9,6
2012-03-16,2,6,9,6
2012-03-19,3,6,9,6
2012-03-20,3,6,9,6
2012-03-21,3,6,9,6
2012-03-22,3,6,9,6
2012-03-23,2,6,9,6
2012-03-26,2,6,9,6
2012-03-27,3,6,9,6
2012-03-28,3,6,9,6
2012-03-29,3,6,9,6
2012-03-30,3,6,9,6
2012-04-02,3,6,9,6
2012-04-03,3,6,9,6
2012-04-04,3,6,9,6
2012-04-05,4,6,9,6
2012-04-09,5,6,9,6
2012-04-10,6,6,9,6
2012-04-11,5,6,9,6
2012-04-12,4,6,9,6
2012-04-13,5,6,9,6
2012-04-16,5,6,9,6
2012-04-17,5,6,9,6
2012-04-18,5,6,9,6
2012-04-19,5,6,9,6
2012-04-20,4,6,9,6
2012-04-23,5,6,9,6
2012-04-24,5,6,9,6
2012-04-25,4,6,9,6
2012-04-26,3,6,9,6
2012-04-27,3,6,9,6
2012-04-30,4,6,9,5
2012-05-01,4,5,3,5
2012-05-02,4,5,3,5
2012-05-03,4,5,3,5
2012-05-04,5,5,3,5
2012-05-07,5,5,3,5
2012-05-08,5,5,3,5
2012-05-09,5,5,3,5
2012-05-10,5,5,3,5
2012-05-11,5,5,3,5
2012-05-14,6,5,3,5
2012-05-15,6,5,3,5
2012-05-16,6,5,3,5
2012-05-17,7,5,3,5
2012-05-18,7,5,3,5
2012-05-21,6,5,3,5
2012-05-22,6,5,3,5
2012-05-23,6,5,3,5
2012-05-24,6,5,3,5
2012-05-25,6,5,3,5
2012-05-29,6,5,3,5
2012-05-30,7,5,3,5
2012-05-31,7,5,3,3
2012-06-01,8,6,3,3
2012-06-04,8,6,3,3
2012-06-05,7,6,3,3
2012-06-06,6,6,3,3
2012-06-07,6,6,3,3
2012-06-08,6,6,3,3
2012-06-11,7,6,3,3
2012-06-12,6,6,3,3
2012-06-13,7,6,3,3
2012-06-14,6,6,3,3
2012-06-15,6,6,3,3
2012-06-18,5,6,3,3
2012-06-19,5,6,3,3
2012-06-20,4,6,3,3
2012-06-21,5,6,3,3
2012-06-22,5,6,3,3
2012-06-25,6,6,3,3
2012-06-26,5,6,3,3
2012-06-27,5,6,3,3
2012-06-28,5,6,3,3
2012-06-29,4,6,3,3
2012-07-02,4,6,3,3
2012-07-03,4,6,3,3
2012-07-05,4,6,3,3
2012-07-06,4,6,3,3
2012-07-09,4,6,3,3
2012-07-10,5,6,3,3
2012-07-11,4,6,3,3
2012-07-12,5,6,3,3
2012-07-13,4,6,3,3
2012-07-16,4,6,3,3
2012-07-17,3,6,3,3
2012-07-18,3,6,3,3
2012-07-19,3,6,3,3
2012-07-20,3,6,3,3
2012-07-23,5,6,3,3
2012-07-24,6,6,3,3
2012-07-25,5,6,3,3
2012-07-26,4,6,3,3
2012-07-27,4,6,3,3
2012-07-30,5,6,3,3
2012-07-31,5,6,3,1
2012-08-01,5,6,8,1
2012-08-02,4,6,8,1
2012-08-03,3,6,8,1
2012-08-06,3,6,8,1
2012-08-07,3,6,8,1
2012-08-08,3,6,8,1
2012-08-09,3,6,8,1
2012-08-10,2,6,8,1
2012-08-13,2,6,8,1
2012-08-14,2,6,8,1
2012-08-15,2,6,8,1
2012-08-16,2,6,8,1
2012-08-17,1,6,8,1
2012-08-20,2,6,8,1
2012-08-21,3,6,8,1
2012-08-22,3,6,8,1
2012-08-23,3,6,8,1
2012-08-24,3,6,8,1
2012-08-27,3,6,8,1
2012-08-28,4,6,8,1
2012-08-29,4,6,8,1
2012-08-30,4,6,8,1
2012-08-31,4,6,8,6
2012-09-04,4,6,8,6
2012-09-05,4,6,8,6
2012-09-06,3,6,8,6
2012-09-07,2,6,8,6
2012-09-10,3,6,8,6
2012-09-11,3,6,8,6
2012-09-12,3,6,8,6
2012-09-13,2,6,8,6
2012-09-14,2,6,8,6
2012-09-17,2,6,8,6
2012-09-18,2,6,8,6
2012-09-19,2,6,8,6
2012-09-20,2,6,8,6
2012-09-21,2,6,8,6
2012-09-24,2,6,8,6
2012-09-25,3,6,8,6
2012-09-26,4,6,8,6
2012-09-27,2,6,8,6
2012-09-28,3,6,8,6
2012-10-01,3,5,3,6
2012-10-02,3,5,3,6
2012-10-03,3,5,3,6
2012-10-04,2,5,3,6
2012-10-05,2,5,3,6
2012-10-08,3,5,3,6
2012-10-09,3,5,3,6
2012-10-10,3,5,3,6
2012-10-11,3,5,3,6
2012-10-12,3,5,3,6
2012-10-15,3,5,3,6
2012-10-16,3,5,3,6
2012-10-17,3,5,3,6
2012-10-18,3,5,3,6
2012-10-19,4,5,3,6
2012-10-22,4,5,3,6
2012-10-23,5,5,3,6
2012-10-24,5,5,3,6
2012-10-25,5,5,3,6
2012-10-26,4,5,3,6
2012-10-31,5,5,3,2
2012-11-01,4,5,0,2
2012-11-02,4,5,0,2
2012-11-05,5,5,0,2
2012-11-06,4,5,0,2
2012-11-07,5,5,0,2
2012-11-08,5,5,0,2
2012-11-09,5,5,0,2
2012-11-12,4,5,0,2
2012-11-13,4,5,0,2
2012-11-14,4,5,0,2
2012-11-15,4,5,0,2
2012-11-16,3,5,0,2
2012-11-19,3,5,0,2
2012-11-20,3,5,0,2
2012-11-21,3,5,0,2
2012-11-23,3,5,0,2
2012-11-26,3,5,0,2
2012-11-27,3,5,0,2
2012-11-28,3,5,0,2
2012-11-29,3,5,0,2
2012-11-30,3,5,0,4
2012-12-03,4,5,0,4
2012-12-04,4,5,0,4
2012-12-05,3,5,0,4
2012-12-06,4,5,0,4
2012-12-07,3,5,0,4
2012-12-10,3,5,0,4
2012-12-11,3,5,0,4
2012-12-12,3,5,0,4
2012-12-13,4,5,0,4
2012-12-14,4,5,0,4
2012-12-17,3,5,0,4
2012-12-18,3,5,0,4
2012-12-19,4,5,0,4
2012-12-20,4,5,0,4
2012-12-21,4,5,0,4
2012-12-24,4,5,0,4
2012-12-26,5,5,0,4
2012-12-27,5,5,0,4
2012-12-28,6,5,0,4
2012-12-31,5,5,0,6
2013-01-02,2,5,0,6
2013-01-03,2,5,0,6
2013-01-04,2,5,0,6
2013-01-07,2,5,0,6
2013-01-08,2,5,0,6
2013-01-09,2,5,0,6
2013-01-10,2,5,0,6
2013-01-11,1,5,0,6
2013-01-14,2,5,0,6
2013-01-15,2,5,0,6
2013-01-16,1,5,0,6
2013-01-17,2,5,0,6
2013-01-18,1,5,0,6
2013-01-22,1,5,0,6
2013-01-23,1,5,0,6
2013-01-24,1,5,0,6
2013-01-25,1,5,0,6
2013-01-28,2,5,0,6
2013-01-29,1,5,0,6
2013-01-30,2,5,0,6
2013-01-31,2,5,0,8
2013-02-01,1,6,9,8
2013-02-04,2,6,9,8
2013-02-05,2,6,9,8
2013-02-06,1,6,9,8
2013-02-07,2,6,9,8
2013-02-08,1,6,9,8
2013-02-11,1,6,9,8
2013-02-12,1,6,9,8
2013-02-13,1,6,9,8
2013-02-14,1,6,9,8
2013-02-15,1,6,9,8
2013-02-19,1,6,9,8
2013-02-20,2,6,9,8
2013-02-21,3,6,9,8
2013-02-22,2,6,9,8
2013-02-25,5,6,9,8
2013-02-26,4,6,9,8
2013-02-27,2,6,9,8
2013-02-28,3,6,9,5
2013-03-01,3,5,6,5
2013-03-04,2,5,6,5
2013-03-05,2,5,6,5
2013-03-06,2,5,6,5
2013-03-07,1,5,6,5
2013-03-08,1,5,6,5
2013-03-11,0,5,6,5
2013-03-12,1,5,6,5
2013-03-13,0,5,6,5
2013-03-14,0,5,6,5
2013-03-15,0,5,6,5
2013-03-18,1,5,6,5
2013-03-19,2,5,6,5
2013-03-20,1,5,6,5
2013-03-21,2,5,6,5
2013-03-22,2,5,6,5
2013-03-25,2,5,6,5
2013-03-26,1,5,6,5
2013-03-27,1,5,6,5
2013-03-28,1,5,6,5
2013-04-01,2,4,3,5
2013-04-02,1,4,3,5
2013-04-03,2,4,3,5
2013-04-04,2,4,3,5
2013-04-05,2,4,3,5
2013-04-08,1,4,3,5
2013-04-09,1,4,3,5
2013-04-10,1,4,3,5
2013-04-11,1,4,3,5
2013-04-12,0,4,3,5
2013-04-15,4,4,3,5
2013-04-16,2,4,3,5
2013-04-17,4,4,3,5
2013-04-18,4,4,3,5
2013-04-19,3,4,3,5
2013-04-22,2,4,3,5
2013-04-23,2,4,3,5
2013-04-24,2,4,3,5
2013-04-25,2,4,3,5
2013-04-26,2,4,3,5
2013-04-29,2,4,3,5
2013-04-30,2,4,3,3
2013-05-01,2,5,5,3
2013-05-02,2,5,5,3
2013-05-03,1,5,5,3
2013-05-06,1,5,5,3
2013-05-07,1,5,5,3
2013-05-08,1,5,5,3
2013-05-09,1,5,5,3
2013-05-10,1,5,5,3
2013-05-13,1,5,5,3
2013-05-14,1,5,5,3
2013-05-15,1,5,5,3
2013-05-16,1,5,5,3
2013-05-17,1,5,5,3
2013-05-20,1,5,5,3
2013-05-21,1,5,5,3
2013-05-22,2,5,5,3
2013-05-23,2,5,5,3
2013-05-24,2,5,5,3
2013-05-28,2,5,5,3
2013-05-29,2,5,5,3
2013-05-30,2,5,5,3
2013-05-31,3,5,5,9
2013-06-03,3,5,5,9
2013-06-04,3,5,5,9
2013-06-05,4,5,5,9
2013-06-06,4,5,5,9
2013-06-07,3,5,5,9
2013-06-10,3,5,5,9
2013-06-11,4,5,5,9
2013-06-12,5,5,5,9
2013-06-13,3,5,5,9
2013-06-14,4,5,5,9
2013-06-17,4,5,5,9
2013-06-18,4,5,5,9
2013-06-19,4,5,5,9
2013-06-20,6,5,5,9
2013-06-21,5,5,5,9
2013-06-24,5,5,5,9
2013-06-25,5,5,5,9
2013-06-26,4,5,5,9
2013-06-27,4,5,5,9
2013-06-28,4,5,5,9
2013-07-01,3,5,4,9
2013-07-02,3,5,4,9
2013-07-03,3,5,4,9
2013-07-05,3,5,4,9
2013-07-08,2,5,4,9
2013-07-09,2,5,4,9
2013-07-10,2,5,4,9
2013-07-11,2,5,4,9
2013-07-12,2,5,4,9
2013-07-15,2,5,4,9
2013-07-16,2,5,4,9
2013-07-17,2,5,4,9
2013-07-18,2,5,4,9
2013-07-19,1,5,4,9
2013-07-22,1,5,4,9
2013-07-23,1,5,4,9
2013-07-24,1,5,4,9
2013-07-25,1,5,4,9
2013-07-26,1,5,4,9
2013-07-29,1,5,4,9
2013-07-30,1,5,4,9
2013-07-31,1,5,4,9
2013-08-01,1,5,4,9
2013-08-02,0,5,4,9
2013-08-05,0,5,4,9
2013-08-06,1,5,4,9
2013-08-07,1,5,4,9
2013-08-08,1,5,4,9
2013-08-09,1,5,4,9
2013-08-12,1,5,4,9
2013-08-13,1,5,4,9
2013-08-14,1,5,4,9
2013-08-15,2,5,4,9
2013-08-16,2,5,4,9
2013-08-19,3,5,4,9
2013-08-20,3,5,4,9
2013-08-21,3,5,4,9
2013-08-22,2,5,4,9
2013-08-23,2,5,4,9
2013-08-26,3,5,4,9
2013-08-27,4,5,4,9
2013-08-28,4,5,4,9
2013-08-29,4,5,4,9
2013-08-30,4,5,4,9
2013-09-03,4,5,4,9
2013-09-04,3,5,4,9
2013-09-05,3,5,4,9
2013-09-06,3,5,4,9
2013-09-09,3,5,4,9
2013-09-10,2,5,4,9
2013-09-11,2,5,4,9
2013-09-12,2,5,4,9
2013-09-13,2,5,4,9
2013-09-16,2,5,4,9
2013-09-17,2,5,4,9
2013-09-18,2,5,4,9
2013-09-19,1,5,4,9
2013-09-20,1,5,4,9
2013-09-23,2,5,4,9
2013-09-24,2,5,4,9
2013-09-25,2,5,4,9
2013-09-26,2,5,4,9
2013-09-27,3,5,4,9
2013-09-30,4,5,4,4
2013-10-01,3,4,1,4
2013-10-02,4,4,1,4
2013-10-03,4,4,1,4
2013-10-04,4,4,1,4
2013-10-07,5,4,1,4
2013-10-08,6,4,1,4
2013-10-09,5,4,1,4
2013-10-10,3,4,1,4
2013-10-11,3,4,1,4
2013-10-14,3,4,1,4
2013-10-15,5,4,1,4
2013-10-16,2,4,1,4
2013-10-17,2,4,1,4
2013-10-18,1,4,1,4
2013-10-21,1,4,1,4
2013-10-22,1,4,1,4
2013-10-23,1,4,1,4
2013-10-24,1,4,1,4
2013-10-25,1,4,1,4
2013-10-28,1,4,1,4
2013-10-29,1,4,1,4
2013-10-30,2,4,1,4
2013-10-31,2,4,1,2
2013-11-01,1,3,1,2
2013-11-04,1,3,1,2
2013-11-05,1,3,1,2
2013-11-06,1,3,1,2
2013-11-07,2,3,1,2
2013-11-08,1,3,1,2
2013-11-11,1,3,1,2
2013-11-12,1,3,1,2
2013-11-13,1,3,1,2
2013-11-14,1,3,1,2
2013-11-15,0,3,1,2
2013-11-18,1,3,1,2
2013-11-19,1,3,1,2
2013-11-20,1,3,1,2
2013-11-21,1,3,1,2
2013-11-22,1,3,1,2
2013-11-25,1,3,1,2
2013-11-26,1,3,1,2
2013-11-27,1,3,1,2
2013-11-29,2,3,1,2
2013-12-02,2,3,1,2
2013-12-03,2,3,1,2
2013-12-04,2,3,1,2
2013-12-05,3,3,1,2
2013-12-06,2,3,1,2
2013-12-09,2,3,1,2
2013-12-10,2,3,1,2
2013-12-11,3,3,1,2
2013-12-12,3,3,1,2
2013-12-13,3,3,1,2
2013-12-16,3,3,1,2
2013-12-17,3,3,1,2
2013-12-18,2,3,1,2
2013-12-19,2,3,1,2
2013-12-20,2,3,1,2
2013-12-23,1,3,1,2
2013-12-24,1,3,1,2
2013-12-26,1,3,1,2
2013-12-27,1,3,1,2
2013-12-30,2,3,1,2
2013-12-31,2,3,1,9
2014-01-02,2,3,1,9
2014-01-03,2,3,1,9
2014-01-06,2,3,1,9
2014-01-07,1,3,1,9
2014-01-08,1,3,1,9
2014-01-09,1,3,1,9
2014-01-10,0,3,1,9
2014-01-13,1,3,1,9
2014-01-14,1,3,1,9
2014-01-15,1,3,1,9
2014-01-16,1,3,1,9
2014-01-17,1,3,1,9
2014-01-21,1,3,1,9
2014-01-22,1,3,1,9
2014-01-23,2,3,1,9
2014-01-24,5,3,1,9
2014-01-27,4,3,1,9
2014-01-28,3,3,1,9
2014-01-29,4,3,1,9
2014-01-30,4,3,1,9
2014-01-31,5,3,1,1
2014-02-03,6,3,1,1
2014-02-04,5,3,1,1
2014-02-05,5,3,1,1
2014-02-06,4,3,1,1
2014-02-07,3,3,1,1
2014-02-10,3,3,1,1
2014-02-11,2,3,1,1
2014-02-12,2,3,1,1
2014-02-13,2,3,1,1
2014-02-14,2,3,1,1
2014-02-18,2,3,1,1
2014-02-19,3,3,1,1
2014-02-20,2,3,1,1
2014-02-21,2,3,1,1
2014-02-24,2,3,1,1
2014-02-25,2,3,1,1
2014-02-26,2,3,1,1
2014-02-27,2,3,1,1
2014-02-28,2,3,1,6
2014-03-03,3,3,1,6
2014-03-04,2,3,1,6
2014-03-05,2,3,1,6
2014-03-06,2,3,1,6
2014-03-07,2,3,1,6
2014-03-10,2,3,1,6
2014-03-11,2,3,1,6
2014-03-12,2,3,1,6
2014-03-13,3,3,1,6
2014-03-14,4,3,1,6
2014-03-17,3,3,1,6
2014-03-18,2,3,1,6
2014-03-19,3,3,1,6
2014-03-20,2,3,1,6
2014-03-21,3,3,1,6
2014-03-24,3,3,1,6
2014-03-25,2,3,1,6
2014-03-26,3,3,1,6
2014-03-27,2,3,1,6
2014-03-28,2,3,1,6
2014-03-31,2,3,1,6
2014-04-01,1,2,7,6
2014-04-02,1,2,7,6
2014-04-03,1,2,7,6
2014-04-04,2,2,7,6
2014-04-07,3,2,7,6
2014-04-08,3,2,7,6
2014-04-09,2,2,7,6
2014-04-10,3,2,7,6
2014-04-11,4,2,7,6
2014-04-14,3,2,7,6
2014-04-15,3,2,7,6
2014-04-16,2,2,7,6
2014-04-17,1,2,7,6
2014-04-21,1,2,7,6
2014-04-22,1,2,7,6
2014-04-23,1,2,7,6
2014-04-24,1,2,7,6
2014-04-25,2,2,7,6
2014-04-28,2,2,7,6
2014-04-29,2,2,7,6
2014-04-30,1,2,7,3
2014-05-01,1,3,7,3
2014-05-02,1,3,7,3
2014-05-05,1,3,7,3
2014-05-06,2,3,7,3
2014-05-07,1,3,7,3
2014-05-08,1,3,7,3
2014-05-09,1,3,7,3
2014-05-12,1,3,7,3
2014-05-13,0,3,7,3
2014-05-14,0,3,7,3
2014-05-15,1,3,7,3
2014-05-16,1,3,7,3
2014-05-19,1,3,7,3
2014-05-20,1,3,7,3
2014-05-21,0,3,7,3
2014-05-22,0,3,7,3
2014-05-23,0,3,7,3
2014-05-27,0,3,7,3
2014-05-28,0,3,7,3
2014-05-29,0,3,7,3
2014-05-30,0,3,7,3
2014-06-02,0,3,7,3
2014-06-03,0,3,7,3
2014-06-04,0,3,7,3
2014-06-05,0,3,7,3
2014-06-06,0,3,7,3
2014-06-09,0,3,7,3
2014-06-10,0,3,7,3
2014-06-11,0,3,7,3
2014-06-12,1,3,7,3
2014-06-13,0,3,7,3
2014-06-16,1,3,7,3
2014-06-17,0,3,7,3
2014-06-18,0,3,7,3
2014-06-19,0,3,7,3
2014-06-20,0,3,7,3
2014-06-23,0,3,7,3
2014-06-24,0,3,7,3
2014-06-25,0,3,7,3
2014-06-26,0,3,7,3
2014-06-27,0,3,7,3
2014-06-30,0,3,7,2
2014-07-01,0,3,3,2
2014-07-02,0,3,3,2
2014-07-03,0,3,3,2
2014-07-07,0,3,3,2
2014-07-08,0,3,3,2
2014-07-09,0,3,3,2
2014-07-10,1,3,3,2
2014-07-11,0,3,3,2
2014-07-14,0,3,3,2
2014-07-15,0,3,3,2
2014-07-16,0,3,3,2
2014-07-17,2,3,3,2
2014-07-18,0,3,3,2
2014-07-21,1,3,3,2
2014-07-22,1,3,3,2
2014-07-23,0,3,3,2
2014-07-24,0,3,3,2
2014-07-25,1,3,3,2
2014-07-28,1,3,3,2
2014-07-29,1,3,3,2
2014-07-30,1,3,3,2
2014-07-31,4,3,3,6
2014-08-01,4,3,2,6
2014-08-04,3,3,2,6
2014-08-05,4,3,2,6
2014-08-06,3,3,2,6
2014-08-07,4,3,2,6
2014-08-08,3,3,2,6
2014-08-11,2,3,2,6
2014-08-12,2,3,2,6
2014-08-13,1,3,2,6
2014-08-14,1,3,2,6
2014-08-15,1,3,2,6
2014-08-18,1,3,2,6
2014-08-19,0,3,2,6
2014-08-20,0,3,2,6
2014-08-21,0,3,2,6
2014-08-22,0,3,2,6
2014-08-25,0,3,2,6
2014-08-26,0,3,2,6
2014-08-27,0,3,2,6
2014-08-28,0,3,2,6
2014-08-29,0,3,2,6
2014-09-02,1,3,2,6
2014-09-03,1,3,2,6
2014-09-04,1,3,2,6
2014-09-05,0,3,2,6
2014-09-08,1,3,2,6
2014-09-09,2,3,2,6
2014-09-10,1,3,2,6
2014-09-11,1,3,2,6
2014-09-12,1,3,2,6
2014-09-15,2,3,2,6
2014-09-16,1,3,2,6
2014-09-17,1,3,2,6
2014-09-18,0,3,2,6
2014-09-19,0,3,2,6
2014-09-22,2,3,2,6
2014-09-23,3,3,2,6
2014-09-24,1,3,2,6
2014-09-25,3,3,2,6
2014-09-26,2,3,2,6
2014-09-29,3,3,2,6
2014-09-30,3,3,2,7
2014-10-01,4,2,1,7
2014-10-02,3,2,1,7
2014-10-03,2,2,1,7
2014-10-06,3,2,1,7
2014-10-07,4,2,1,7
2014-10-08,3,2,1,7
2014-10-09,5,2,1,7
2014-10-10,6,2,1,7
2014-10-13,7,2,1,7
2014-10-14,7,2,1,7
2014-10-15,8,2,1,7
2014-10-16,7,2,1,7
2014-10-17,6,2,1,7
2014-10-20,5,2,1,7
2014-10-21,3,2,1,7
2014-10-22,4,2,1,7
2014-10-23,4,2,1,7
2014-10-24,3,2,1,7
2014-10-27,3,2,1,7
2014-10-28,2,2,1,7
2014-10-29,3,2,1,7
2014-10-30,2,2,1,7
2014-10-31,2,2,1,1
2014-11-03,2,2,1,1
2014-11-04,3,2,1,1
2014-11-05,2,2,1,1
2014-11-06,2,2,1,1
2014-11-07,1,2,1,1
2014-11-10,1,2,1,1
2014-11-11,1,2,1,1
2014-11-12,1,2,1,1
2014-11-13,2,2,1,1
2014-11-14,1,2,1,1
2014-11-17,2,2,1,1
2014-11-18,2,2,1,1
2014-11-19,2,2,1,1
2014-11-20,2,2,1,1
2014-11-21,1,2,1,1
2014-11-24,1,2,1,1
2014-11-25,1,2,1,1
2014-11-26,0,2,1,1
2014-11-28,1,2,1,1
2014-12-01,2,2,0,1
2014-12-02,1,2,0,1
2014-12-03,1,2,0,1
2014-12-04,1,2,0,1
2014-12-05,0,2,0,1
2014-12-08,2,2,0,1
2014-12-09,3,2,0,1
2014-12-10,5,2,0,1
2014-12-11,5,2,0,1
2014-12-12,6,2,0,1
2014-12-15,6,2,0,1
2014-12-16,7,2,0,1
2014-12-17,5,2,0,1
2014-12-18,4,2,0,1
2014-12-19,4,2,0,1
2014-12-22,3,2,0,1
2014-12-23,2,2,0,1
2014-12-24,2,2,0,1
2014-12-26,2,2,0,1
2014-12-29,3,2,0,1
2014-12-30,3,2,0,1
2014-12-31,5,2,0,3
